reach_node_index,distance_covered,flow_accumulation
3531600,0,9.75E+06
3531601,1,9.75E+06
3531602,2,9.75E+06
3534303,3,9.75E+06
3534304,4,9.75E+06
3534305,5,9.75E+06
3534306,6,9.75E+06
3537007,7,9.75E+06
3537008,8,9.75E+06
3539709,9,9.75E+06
3539710,10,9.75E+06
3537011,11,9.75E+06
3537012,12,9.75E+06
3537013,13,9.75E+06
3537014,14,9.75E+06
3537015,15,9.75E+06
3537016,16,9.75E+06
3537017,17,9.75E+06
3537018,18,9.75E+06
3534319,19,9.75E+06
3534320,20,9.75E+06
3531621,21,9.75E+06
3531622,22,9.75E+06
3531623,23,9.75E+06
3528924,24,9.75E+06
3526225,25,9.75E+06
3526226,26,9.75E+06
3526227,27,9.75E+06
3526228,28,9.75E+06
3526229,29,9.75E+06
3526230,30,9.75E+06
3526231,31,9.75E+06
3523532,32,9.75E+06
3523533,33,9.75E+06
3523534,34,9.75E+06
3523535,35,9.75E+06
3520836,36,9.75E+06
3518137,37,9.75E+06
3518138,38,9.75E+06
3515439,39,9.75E+06
3515440,40,9.75E+06
3515441,41,9.75E+06
3512742,42,9.75E+06
3512743,43,9.75E+06
3510044,44,9.75E+06
3507345,45,9.75E+06
3504646,46,9.75E+06
3504647,47,9.75E+06
3501948,48,9.75E+06
3501949,49,9.75E+06
3499250,50,9.75E+06
3499251,51,9.75E+06
3499252,52,9.75E+06
3496553,53,9.75E+06
3496554,54,9.75E+06
3496555,55,9.75E+06
3493856,56,9.75E+06
3493857,57,9.75E+06
3493858,58,9.75E+06
3493859,59,9.75E+06
3493860,60,9.75E+06
3491161,61,9.75E+06
3491162,62,9.75E+06
3491163,63,9.75E+06
3491164,64,9.75E+06
3491165,65,9.75E+06
3491166,66,9.75E+06
3488467,67,9.75E+06
3485768,68,9.75E+06
3485769,69,9.75E+06
3483070,70,9.75E+06
3483071,71,9.75E+06
3483072,72,9.75E+06
3480373,73,9.75E+06
3477674,74,9.75E+06
3474975,75,9.75E+06
3472276,76,9.75E+06
3469577,77,9.75E+06
3469578,78,9.75E+06
3466879,79,9.75E+06
3464180,80,9.75E+06
3461481,81,9.75E+06
3458782,82,9.75E+06
3458783,83,9.75E+06
3458784,84,9.75E+06
3456085,85,9.75E+06
3456086,86,9.75E+06
3456087,87,9.75E+06
3453388,88,9.75E+06
3453389,89,9.75E+06
3453390,90,9.75E+06
3453391,91,9.75E+06
3453392,92,9.75E+06
3456093,93,9.75E+06
3456094,94,9.75E+06
3456095,95,9.75E+06
3458796,96,9.75E+06
3458797,97,9.75E+06
3458798,98,9.75E+06
3458799,99,9.75E+06
3461500,100,9.75E+06
3464201,101,9.75E+06
3464202,102,9.75E+06
3464203,103,9.75E+06
3464204,104,9.75E+06
3466905,105,9.75E+06
3466906,106,9.75E+06
3469607,107,9.75E+06
3469608,108,9.75E+06
3469609,109,9.75E+06
3472310,110,9.75E+06
3472311,111,9.75E+06
3472312,112,9.75E+06
3472313,113,9.75E+06
3475014,114,9.75E+06
3475015,115,9.75E+06
3477716,116,9.75E+06
3477717,117,9.75E+06
3477718,118,9.75E+06
3477719,119,9.75E+06
3480420,120,1.01E+07
3480421,121,1.01E+07
3483122,122,1.01E+07
3483123,123,1.01E+07
3483124,124,1.01E+07
3483125,125,1.01E+07
3483126,126,1.01E+07
3485827,127,1.01E+07
3488528,128,1.01E+07
3488529,129,1.01E+07
3488530,130,1.01E+07
3488531,131,1.01E+07
3485832,132,1.01E+07
3485833,133,1.01E+07
3485834,134,1.01E+07
3485835,135,1.01E+07
3485836,136,1.01E+07
3485837,137,1.01E+07
3485838,138,1.01E+07
3483139,139,1.01E+07
3480440,140,1.01E+07
3480441,141,1.01E+07
3477742,142,1.01E+07
3475043,143,1.01E+07
3472344,144,1.01E+07
3469644,145,1.01E+07
3466944,146,1.01E+07
3464244,147,1.01E+07
3461544,148,1.01E+07
3458844,149,1.01E+07
3456144,150,1.01E+07
3453445,151,1.01E+07
3450746,152,1.01E+07
3448047,153,1.01E+07
3445348,154,1.01E+07
3442649,155,1.01E+07
3439950,156,1.01E+07
3439951,157,1.01E+07
3439952,158,1.01E+07
3439953,159,1.01E+07
3439954,160,1.01E+07
3439955,161,1.01E+07
3439956,162,1.01E+07
3437257,163,1.01E+07
3437258,164,1.01E+07
3437259,165,1.01E+07
3437260,166,1.01E+07
3434561,167,1.01E+07
3434562,168,1.01E+07
3434563,169,1.01E+07
3434564,170,1.01E+07
3431865,171,1.01E+07
3429166,172,1.01E+07
3429167,173,1.01E+07
3426468,174,1.01E+07
3426469,175,1.01E+07
3423770,176,1.01E+07
3423771,177,1.01E+07
3421072,178,1.01E+07
3418373,179,1.01E+07
3418374,180,1.01E+07
3415675,181,1.01E+07
3412976,182,1.01E+07
3410277,183,1.01E+07
3410278,184,1.01E+07
3407579,185,1.01E+07
3404880,186,1.01E+07
3404881,187,1.01E+07
3404882,188,1.01E+07
3402183,189,1.01E+07
3402184,190,1.01E+07
3402185,191,1.01E+07
3402186,192,1.01E+07
3402187,193,1.01E+07
3399488,194,1.01E+07
3396789,195,1.01E+07
3396790,196,1.01E+07
3396791,197,1.01E+07
3396792,198,1.01E+07
3396793,199,1.01E+07
3396794,200,1.01E+07
3394095,201,1.01E+07
3391396,202,1.01E+07
3391397,203,1.01E+07
3388698,204,1.01E+07
3385999,205,1.01E+07
3383300,206,1.01E+07
3380601,207,1.01E+07
3377902,208,1.01E+07
3377903,209,1.01E+07
3377904,210,1.01E+07
3375205,211,1.01E+07
3372506,212,1.01E+07
3372507,213,1.01E+07
3369808,214,1.01E+07
3367109,215,1.01E+07
3367110,216,1.01E+07
3364411,217,1.01E+07
3361712,218,1.01E+07
3361713,219,1.01E+07
3359014,220,1.01E+07
3359015,221,1.01E+07
3356316,222,1.01E+07
3353617,223,1.01E+07
3350918,224,1.01E+07
3350919,225,1.01E+07
3350920,226,1.01E+07
3353621,227,1.01E+07
3353622,228,1.01E+07
3356323,229,1.01E+07
3356324,230,1.01E+07
3353625,231,1.01E+07
3353626,232,1.01E+07
3356327,233,1.01E+07
3356328,234,1.01E+07
3356329,235,1.01E+07
3356330,236,1.01E+07
3359031,237,1.01E+07
3361732,238,1.01E+07
3361733,239,1.01E+07
3364434,240,1.01E+07
3364435,241,1.01E+07
3367136,242,1.01E+07
3367137,243,1.01E+07
3369838,244,1.01E+07
3369839,245,1.01E+07
3369840,246,1.01E+07
3369841,247,1.01E+07
3372542,248,1.01E+07
3372543,249,1.01E+07
3375244,250,1.01E+07
3375245,251,1.01E+07
3377946,252,1.01E+07
3377947,253,1.01E+07
3377948,254,1.01E+07
3377949,255,1.01E+07
3375250,256,1.01E+07
3375251,257,1.01E+07
3372552,258,1.01E+07
3372553,259,1.01E+07
3369854,260,1.01E+07
3367155,261,1.01E+07
3364456,262,1.01E+07
3364457,263,1.01E+07
3364458,264,1.01E+07
3361759,265,1.01E+07
3361760,266,1.01E+07
3361761,267,1.01E+07
3361762,268,1.01E+07
3359062,269,1.01E+07
3356362,270,1.01E+07
3356363,271,1.01E+07
3353663,272,1.01E+07
3350963,273,1.01E+07
3348264,274,1.01E+07
3345565,275,1.01E+07
3342866,276,1.01E+07
3340166,277,1.01E+07
3340167,278,1.01E+07
3337468,279,1.01E+07
3337469,280,1.01E+07
3337470,281,1.01E+07
3337471,282,1.01E+07
3337472,283,1.01E+07
3337473,284,1.01E+07
3337474,285,1.01E+07
3337475,286,1.01E+07
3337476,287,1.01E+07
3337477,288,1.01E+07
3337478,289,1.01E+07
3337479,290,1.01E+07
3337480,291,1.01E+07
3340181,292,1.01E+07
3340182,293,1.01E+07
3342883,294,1.01E+07
3342884,295,1.02E+07
3345585,296,1.02E+07
3348285,297,1.02E+07
3350986,298,1.02E+07
3350987,299,1.02E+07
3350988,300,1.02E+07
3350989,301,1.02E+07
3350990,302,1.02E+07
3350991,303,1.02E+07
3350992,304,1.02E+07
3350993,305,1.02E+07
3350994,306,1.02E+07
3350995,307,1.02E+07
3350996,308,1.02E+07
3350997,309,1.02E+07
3350998,310,1.02E+07
3350999,311,1.02E+07
3351000,312,1.02E+07
3351001,313,1.02E+07
3351002,314,1.02E+07
3351003,315,1.02E+07
3351004,316,1.02E+07
3351005,317,1.02E+07
3351006,318,1.02E+07
3351007,319,1.02E+07
3351008,320,1.02E+07
3351009,321,1.02E+07
3351010,322,1.02E+07
3351011,323,1.02E+07
3351012,324,1.02E+07
3351013,325,1.02E+07
3351014,326,1.02E+07
3351015,327,1.02E+07
3351016,328,1.02E+07
3351017,329,1.02E+07
3351018,330,1.02E+07
3351019,331,1.02E+07
3351020,332,1.02E+07
3351021,333,1.02E+07
3351022,334,1.02E+07
3351023,335,1.02E+07
3351024,336,1.02E+07
3351025,337,1.02E+07
3351026,338,1.02E+07
3351027,339,1.02E+07
3351028,340,1.02E+07
3351029,341,1.02E+07
3351030,342,1.02E+07
3351031,343,1.02E+07
3351032,344,1.02E+07
3351033,345,1.02E+07
3351034,346,1.02E+07
3351035,347,1.02E+07
3351036,348,1.02E+07
3351037,349,1.02E+07
3351038,350,1.02E+07
3351039,351,1.02E+07
3351040,352,1.02E+07
3351041,353,1.02E+07
3351042,354,1.02E+07
3351043,355,1.02E+07
3351044,356,1.02E+07
3351045,357,1.02E+07
3351046,358,1.02E+07
3351047,359,1.02E+07
3353748,360,1.02E+07
3353749,361,1.02E+07
3353750,362,1.02E+07
3353751,363,1.02E+07
3351052,364,1.02E+07
3348353,365,1.02E+07
3348354,366,1.02E+07
3345655,367,1.02E+07
3342956,368,1.02E+07
3342957,369,1.02E+07
3342958,370,1.02E+07
3342959,371,1.02E+07
3342960,372,1.02E+07
3342961,373,1.02E+07
3342962,374,1.02E+07
3342963,375,1.02E+07
3342964,376,1.02E+07
3342965,377,1.02E+07
3345666,378,1.02E+07
3348367,379,1.02E+07
3351068,380,1.02E+07
3351069,381,1.02E+07
3348370,382,1.02E+07
3345671,383,1.02E+07
3345672,384,1.02E+07
3345673,385,1.02E+07
3345674,386,1.02E+07
3348375,387,1.02E+07
3348376,388,1.02E+07
3351077,389,1.02E+07
3353778,390,1.02E+07
3356479,391,1.02E+07
3356480,392,1.02E+07
3356481,393,1.02E+07
3359182,394,1.02E+07
3361883,395,1.02E+07
3364584,396,1.02E+07
3367285,397,1.02E+07
3369986,398,1.02E+07
3372687,399,1.02E+07
3372688,400,1.02E+07
3372689,401,1.02E+07
3372690,402,1.02E+07
3372691,403,1.02E+07
3372692,404,1.02E+07
3372693,405,1.02E+07
3372694,406,1.02E+07
3372695,407,1.02E+07
3372696,408,1.02E+07
3372697,409,1.02E+07
3372698,410,1.02E+07
3375399,411,1.02E+07
3375400,412,1.02E+07
3375401,413,1.02E+07
3375402,414,1.02E+07
3375403,415,1.02E+07
3375404,416,1.02E+07
3375405,417,1.02E+07
3375406,418,1.02E+07
3378107,419,1.02E+07
3378108,420,1.02E+07
3378109,421,1.02E+07
3378110,422,1.02E+07
3380811,423,1.02E+07
3380812,424,1.02E+07
3378113,425,1.02E+07
3375414,426,1.02E+07
3375415,427,1.02E+07
3372716,428,1.02E+07
3370016,429,1.02E+07
3370017,430,1.02E+07
3370018,431,1.02E+07
3370019,432,1.02E+07
3370020,433,1.02E+07
3367321,434,1.02E+07
3367322,435,1.02E+07
3367323,436,1.02E+07
3367324,437,1.02E+07
3367325,438,1.02E+07
3367326,439,1.02E+07
3367327,440,1.02E+07
3367328,441,1.02E+07
3367329,442,1.02E+07
3367330,443,1.02E+07
3367331,444,1.02E+07
3367332,445,1.02E+07
3370033,446,1.02E+07
3370034,447,1.02E+07
3370035,448,1.02E+07
3370036,449,1.02E+07
3372737,450,1.02E+07
3372738,451,1.02E+07
3375439,452,1.02E+07
3375440,453,1.02E+07
3375441,454,1.02E+07
3375442,455,1.02E+07
3378143,456,1.02E+07
3380844,457,1.02E+07
3380845,458,1.02E+07
3380846,459,1.02E+07
3380847,460,1.02E+07
3383548,461,1.02E+07
3383549,462,1.02E+07
3383550,463,1.02E+07
3383551,464,1.02E+07
3383552,465,1.02E+07
3383553,466,1.02E+07
3383554,467,1.02E+07
3383555,468,1.02E+07
3383556,469,1.02E+07
3383557,470,1.02E+07
3383558,471,1.02E+07
3386259,472,1.02E+07
3388960,473,1.02E+07
3391661,474,1.02E+07
3394362,475,1.02E+07
3397063,476,1.02E+07
3397064,477,1.02E+07
3399765,478,1.02E+07
3399766,479,1.02E+07
3402466,480,1.02E+07
3405167,481,1.02E+07
3405168,482,1.02E+07
3405169,483,1.02E+07
3407870,484,1.02E+07
3410571,485,1.02E+07
3410572,486,1.02E+07
3410573,487,1.02E+07
3410574,488,1.02E+07
3410575,489,1.02E+07
3410576,490,1.02E+07
3410577,491,1.02E+07
3410578,492,1.02E+07
3410579,493,1.02E+07
3410580,494,1.02E+07
3410581,495,1.02E+07
3413282,496,1.02E+07
3413283,497,1.02E+07
3413284,498,1.02E+07
3413285,499,1.02E+07
3410586,500,1.02E+07
3410587,501,1.02E+07
3410588,502,1.02E+07
3410589,503,1.02E+07
3410590,504,1.02E+07
3410591,505,1.02E+07
3410592,506,1.02E+07
3410593,507,1.02E+07
3410594,508,1.02E+07
3410595,509,1.02E+07
3410596,510,1.02E+07
3410597,511,1.02E+07
3410598,512,1.02E+07
3410599,513,1.02E+07
3410600,514,1.02E+07
3410601,515,1.02E+07
3410602,516,1.02E+07
3410603,517,1.02E+07
3410604,518,1.02E+07
3410605,519,1.02E+07
3410606,520,1.02E+07
3410607,521,1.02E+07
3410608,522,1.02E+07
3410609,523,1.02E+07
3410610,524,1.02E+07
3410611,525,1.02E+07
3410612,526,1.02E+07
3410613,527,1.02E+07
3407914,528,1.02E+07
3407915,529,1.02E+07
3410616,530,1.02E+07
3413317,531,1.02E+07
3413318,532,1.02E+07
3413319,533,1.02E+07
3413320,534,1.02E+07
3413321,535,1.02E+07
3413322,536,1.02E+07
3413323,537,1.02E+07
3413324,538,1.02E+07
3416025,539,1.02E+07
3418726,540,1.02E+07
3421427,541,1.02E+07
3418728,542,1.02E+07
3418729,543,1.02E+07
3416030,544,1.02E+07
3413331,545,1.02E+07
3410632,546,1.02E+07
3410633,547,1.02E+07
3410634,548,1.02E+07
3410635,549,1.02E+07
3410636,550,1.02E+07
3410637,551,1.02E+07
3413338,552,1.02E+07
3413339,553,1.02E+07
3413340,554,1.02E+07
3413341,555,1.02E+07
3413342,556,1.02E+07
3413343,557,1.02E+07
3413344,558,1.02E+07
3416045,559,1.02E+07
3416046,560,1.02E+07
3416047,561,1.02E+07
3413348,562,1.02E+07
3413349,563,1.02E+07
3416050,564,1.02E+07
3418751,565,1.02E+07
3418752,566,1.02E+07
3418753,567,1.02E+07
3421454,568,1.02E+07
3421455,569,1.02E+07
3421456,570,1.02E+07
3421457,571,1.02E+07
3424158,572,1.02E+07
3426859,573,1.02E+07
3429560,574,1.02E+07
3429561,575,1.02E+07
3432262,576,1.02E+07
3432263,577,1.03E+07
3429564,578,1.03E+07
3426865,579,1.03E+07
3426866,580,1.03E+07
3424167,581,1.03E+07
3421468,582,1.03E+07
3418769,583,1.03E+07
3418770,584,1.03E+07
3416071,585,1.03E+07
3413372,586,1.03E+07
3413373,587,1.03E+07
3410674,588,1.03E+07
3407975,589,1.03E+07
3407976,590,1.03E+07
3405277,591,1.03E+07
3402578,592,1.03E+07
3399879,593,1.03E+07
3399880,594,1.03E+07
3397181,595,1.03E+07
3394482,596,1.03E+07
3391783,597,1.03E+07
3391784,598,1.03E+07
3389085,599,1.03E+07
3386386,600,1.03E+07
3386387,601,1.03E+07
3383688,602,1.03E+07
3380989,603,1.03E+07
3378290,604,1.03E+07
3378291,605,1.03E+07
3375592,606,1.03E+07
3372893,607,1.03E+07
3370194,608,1.03E+07
3370195,609,1.03E+07
3367496,610,1.03E+07
3364797,611,1.03E+07
3364798,612,1.03E+07
3362099,613,1.03E+07
3364800,614,1.03E+07
3364801,615,1.03E+07
3364802,616,1.03E+07
3364803,617,1.03E+07
3364804,618,1.03E+07
3364805,619,1.03E+07
3364806,620,1.03E+07
3364807,621,1.03E+07
3364808,622,1.03E+07
3364809,623,1.03E+07
3364810,624,1.04E+07
3367511,625,1.04E+07
3370212,626,1.04E+07
3372913,627,1.04E+07
3372914,628,1.04E+07
3372915,629,1.04E+07
3375616,630,1.04E+07
3375617,631,1.04E+07
3378317,632,1.04E+07
3381017,633,1.04E+07
3383717,634,1.04E+07
3386417,635,1.04E+07
3389117,636,1.04E+07
3391817,637,1.04E+07
3394517,638,1.04E+07
3397217,639,1.04E+07
3399917,640,1.04E+07
3402617,641,1.04E+07
3405317,642,1.04E+07
3408017,643,1.04E+07
3410717,644,1.04E+07
3413418,645,1.04E+07
3413419,646,1.04E+07
3413420,647,1.04E+07
3413421,648,1.04E+07
3413422,649,1.04E+07
3413423,650,1.04E+07
3413424,651,1.04E+07
3416125,652,1.04E+07
3418826,653,1.04E+07
3421527,654,1.04E+07
3424228,655,1.04E+07
3424229,656,1.04E+07
3424230,657,1.04E+07
3424231,658,1.04E+07
3424232,659,1.04E+07
3421533,660,1.04E+07
3418834,661,1.04E+07
3421535,662,1.04E+07
3421536,663,1.04E+07
3421537,664,1.04E+07
3421538,665,1.04E+07
3421539,666,1.04E+07
3424240,667,1.04E+07
3424241,668,1.04E+07
3424242,669,1.04E+07
3426943,670,1.04E+07
3429644,671,1.04E+07
3432345,672,1.04E+07
3435046,673,1.04E+07
3435047,674,1.04E+07
3435048,675,1.04E+07
3437749,676,1.04E+07
3440450,677,1.04E+07
3443151,678,1.04E+07
3443152,679,1.04E+07
3443153,680,1.04E+07
3445854,681,1.04E+07
3445855,682,1.04E+07
3448556,683,1.04E+07
3448557,684,1.04E+07
3448558,685,1.04E+07
3448559,686,1.04E+07
3448560,687,1.04E+07
3451261,688,1.04E+07
3451262,689,1.04E+07
3451263,690,1.04E+07
3451264,691,1.04E+07
3453965,692,1.04E+07
3453966,693,1.04E+07
3453967,694,1.04E+07
3456668,695,1.04E+07
3456669,696,1.04E+07
3456670,697,1.04E+07
3456671,698,1.04E+07
3456672,699,1.04E+07
3456673,700,1.04E+07
3459374,701,1.04E+07
3459375,702,1.04E+07
3462076,703,1.04E+07
3462077,704,1.04E+07
3462078,705,1.04E+07
3462079,706,1.04E+07
3464780,707,1.04E+07
3464781,708,1.04E+07
3464782,709,1.04E+07
3464783,710,1.04E+07
3462084,711,1.04E+07
3459385,712,1.04E+07
3459386,713,1.04E+07
3456687,714,1.04E+07
3453988,715,1.04E+07
3453989,716,1.04E+07
3451290,717,1.04E+07
3451291,718,1.04E+07
3448592,719,1.04E+07
3445893,720,1.04E+07
3445894,721,1.04E+07
3443195,722,1.04E+07
3443196,723,1.04E+07
3445897,724,1.04E+07
3445898,725,1.04E+07
3445899,726,1.04E+07
3445900,727,1.04E+07
3445901,728,1.04E+07
3445902,729,1.04E+07
3445903,730,1.04E+07
3448604,731,1.04E+07
3448605,732,1.04E+07
3448606,733,1.04E+07
3448607,734,1.04E+07
3448608,735,1.04E+07
3451309,736,1.04E+07
3451310,737,1.04E+07
3454011,738,1.04E+07
3454012,739,1.04E+07
3454013,740,1.04E+07
3454014,741,1.04E+07
3456715,742,1.04E+07
3456716,743,1.04E+07
3459417,744,1.04E+07
3459418,745,1.04E+07
3459419,746,1.04E+07
3459420,747,1.04E+07
3462121,748,1.04E+07
3464822,749,1.04E+07
3467523,750,1.04E+07
3467524,751,1.04E+07
3470225,752,1.04E+07
3472926,753,1.04E+07
3475627,754,1.04E+07
3478328,755,1.04E+07
3481029,756,1.04E+07
3483730,757,1.04E+07
3483731,758,1.04E+07
3486432,759,1.04E+07
3489133,760,1.04E+07
3491834,761,1.04E+07
3494535,762,1.04E+07
3497236,763,1.04E+07
3499937,764,1.04E+07
3499938,765,1.04E+07
3499939,766,1.04E+07
3502640,767,1.04E+07
3502641,768,1.04E+07
3505342,769,1.04E+07
3505343,770,1.04E+07
3505344,771,1.04E+07
3508045,772,1.04E+07
3510746,773,1.04E+07
3510747,774,1.04E+07
3513448,775,1.04E+07
3516149,776,1.04E+07
3518850,777,1.04E+07
3521551,778,1.04E+07
3524252,779,1.04E+07
3524253,780,1.04E+07
3526954,781,1.04E+07
3529655,782,1.04E+07
3529656,783,1.04E+07
3529657,784,1.04E+07
3532358,785,1.04E+07
3532359,786,1.04E+07
3535060,787,1.04E+07
3537761,788,1.04E+07
3537762,789,1.04E+07
3537763,790,1.04E+07
3540464,791,1.04E+07
3540465,792,1.04E+07
3543166,793,1.04E+07
3545867,794,1.04E+07
3545868,795,1.04E+07
3545869,796,1.04E+07
3548570,797,1.04E+07
3548571,798,1.04E+07
3548572,799,1.04E+07
3551273,800,1.04E+07
3551274,801,1.04E+07
3553975,802,1.04E+07
3553976,803,1.04E+07
3553977,804,1.04E+07
3553978,805,1.04E+07
3553979,806,1.04E+07
3553980,807,1.04E+07
3553981,808,1.04E+07
3553982,809,1.04E+07
3553983,810,1.04E+07
3553984,811,1.04E+07
3556684,812,1.04E+07
3559384,813,1.04E+07
3562084,814,1.04E+07
3564784,815,1.04E+07
3567484,816,1.04E+07
3570184,817,1.04E+07
3572884,818,1.04E+07
3575584,819,1.04E+07
3578284,820,1.05E+07
3580985,821,1.05E+07
3583685,822,1.05E+07
3586386,823,1.05E+07
3586387,824,1.05E+07
3589088,825,1.05E+07
3589089,826,1.05E+07
3589090,827,1.05E+07
3589091,828,1.05E+07
3589092,829,1.05E+07
3589093,830,1.05E+07
3589094,831,1.05E+07
3589095,832,1.05E+07
3591796,833,1.05E+07
3591797,834,1.05E+07
3591798,835,1.05E+07
3591799,836,1.05E+07
3594499,837,1.05E+07
3594500,838,1.05E+07
3594501,839,1.05E+07
3597202,840,1.05E+07
3597203,841,1.05E+07
3597204,842,1.05E+07
3597205,843,1.05E+07
3597206,844,1.05E+07
3597207,845,1.05E+07
3597208,846,1.05E+07
3597209,847,1.05E+07
3597210,848,1.05E+07
3597211,849,1.05E+07
3599912,850,1.05E+07
3599913,851,1.05E+07
3599914,852,1.05E+07
3597215,853,1.05E+07
3594516,854,1.05E+07
3594517,855,1.05E+07
3597218,856,1.05E+07
3597219,857,1.05E+07
3597220,858,1.05E+07
3597221,859,1.05E+07
3597222,860,1.05E+07
3597223,861,1.05E+07
3599924,862,1.05E+07
3602625,863,1.05E+07
3602626,864,1.05E+07
3602627,865,1.05E+07
3605328,866,1.05E+07
3608029,867,1.05E+07
3608030,868,1.05E+07
3610731,869,1.05E+07
3610732,870,1.05E+07
3610733,871,1.05E+07
3610734,872,1.05E+07
3610735,873,1.05E+07
3610736,874,1.05E+07
3610737,875,1.05E+07
3610738,876,1.05E+07
3610739,877,1.05E+07
3610740,878,1.05E+07
3613441,879,1.05E+07
3613442,880,1.05E+07
3613443,881,1.05E+07
3613444,882,1.05E+07
3613445,883,1.05E+07
3613446,884,1.05E+07
3613447,885,1.05E+07
3613448,886,1.05E+07
3613449,887,1.05E+07
3613450,888,1.05E+07
3613451,889,1.05E+07
3613452,890,1.05E+07
3613453,891,1.05E+07
3613454,892,1.05E+07
3613455,893,1.05E+07
3616156,894,1.05E+07
3616157,895,1.05E+07
3618858,896,1.05E+07
3618859,897,1.05E+07
3618860,898,1.05E+07
3618861,899,1.05E+07
3618862,900,1.05E+07
3618863,901,1.05E+07
3618864,902,1.05E+07
3618865,903,1.05E+07
3618866,904,1.05E+07
3618867,905,1.05E+07
3618868,906,1.05E+07
3618869,907,1.05E+07
3618870,908,1.05E+07
3621571,909,1.05E+07
3621572,910,1.05E+07
3621573,911,1.05E+07
3624274,912,1.05E+07
3626975,913,1.05E+07
3626976,914,1.05E+07
3626977,915,1.05E+07
3626978,916,1.05E+07
3626979,917,1.05E+07
3626980,918,1.05E+07
3626981,919,1.05E+07
3624282,920,1.05E+07
3624283,921,1.05E+07
3624284,922,1.05E+07
3624285,923,1.05E+07
3624286,924,1.05E+07
3624287,925,1.05E+07
3624288,926,1.05E+07
3624289,927,1.05E+07
3624290,928,1.05E+07
3624291,929,1.05E+07
3624292,930,1.05E+07
3624293,931,1.05E+07
3624294,932,1.05E+07
3624295,933,1.05E+07
3626996,934,1.05E+07
3626997,935,1.05E+07
3626998,936,1.05E+07
3626999,937,1.05E+07
3627000,938,1.05E+07
3627001,939,1.05E+07
3627002,940,1.05E+07
3627003,941,1.05E+07
3629704,942,1.05E+07
3629705,943,1.05E+07
3632406,944,1.05E+07
3632407,945,1.05E+07
3632408,946,1.05E+07
3632409,947,1.05E+07
3635110,948,1.05E+07
3637811,949,1.05E+07
3637812,950,1.05E+07
3637813,951,1.05E+07
3637814,952,1.05E+07
3640515,953,1.05E+07
3643216,954,1.05E+07
3645917,955,1.05E+07
3648618,956,1.05E+07
3651319,957,1.05E+07
3651320,958,1.05E+07
3651321,959,1.05E+07
3651322,960,1.05E+07
3654023,961,1.05E+07
3656724,962,1.05E+07
3656725,963,1.05E+07
3656726,964,1.05E+07
3656727,965,1.05E+07
3656728,966,1.05E+07
3656729,967,1.05E+07
3659430,968,1.05E+07
3662131,969,1.05E+07
3662132,970,1.05E+07
3664833,971,1.05E+07
3667534,972,1.05E+07
3670235,973,1.05E+07
3670236,974,1.05E+07
3672937,975,1.05E+07
3672938,976,1.05E+07
3672939,977,1.05E+07
3672940,978,1.05E+07
3672941,979,1.05E+07
3675642,980,1.05E+07
3672943,981,1.05E+07
3675644,982,1.05E+07
3672945,983,1.05E+07
3672946,984,1.05E+07
3672947,985,1.05E+07
3675648,986,1.05E+07
3678349,987,1.05E+07
3678350,988,1.05E+07
3681051,989,1.05E+07
3683752,990,1.05E+07
3686453,991,1.05E+07
3683754,992,1.05E+07
3681055,993,1.05E+07
3681056,994,1.05E+07
3681057,995,1.05E+07
3678358,996,1.05E+07
3675659,997,1.05E+07
3675660,998,1.05E+07
3675661,999,1.05E+07
3672962,1000,1.05E+07
3672963,1001,1.05E+07
3672964,1002,1.05E+07
3670265,1003,1.05E+07
3667566,1004,1.05E+07
3667567,1005,1.05E+07
3664868,1006,1.05E+07
3664869,1007,1.05E+07
3662170,1008,1.05E+07
3662171,1009,1.05E+07
3659472,1010,1.05E+07
3656773,1011,1.05E+07
3656774,1012,1.05E+07
3654075,1013,1.05E+07
3654076,1014,1.05E+07
3654077,1015,1.05E+07
3654078,1016,1.05E+07
3654079,1017,1.05E+07
3654080,1018,1.05E+07
3656781,1019,1.06E+07
3659482,1020,1.06E+07
3662183,1021,1.06E+07
3664884,1022,1.06E+07
3667585,1023,1.06E+07
3664886,1024,1.06E+07
3662187,1025,1.06E+07
3659488,1026,1.06E+07
3659489,1027,1.06E+07
3659490,1028,1.06E+07
3662191,1029,1.07E+07
3662192,1030,1.07E+07
3662193,1031,1.07E+07
3662194,1032,1.07E+07
3662195,1033,1.07E+07
3664896,1034,1.07E+07
3664897,1035,1.07E+07
3664898,1036,1.07E+07
3667599,1037,1.07E+07
3667600,1038,1.07E+07
3667601,1039,1.07E+07
3667602,1040,1.07E+07
3667603,1041,1.07E+07
3667604,1042,1.07E+07
3667605,1043,1.07E+07
3667606,1044,1.07E+07
3667607,1045,1.07E+07
3670308,1046,1.07E+07
3670309,1047,1.07E+07
3673010,1048,1.07E+07
3675711,1049,1.07E+07
3678412,1050,1.07E+07
3678413,1051,1.07E+07
3678414,1052,1.07E+07
3678415,1053,1.07E+07
3678416,1054,1.07E+07
3678417,1055,1.07E+07
3678418,1056,1.07E+07
3678419,1057,1.07E+07
3678420,1058,1.07E+07
3678421,1059,1.07E+07
3675722,1060,1.07E+07
3675723,1061,1.07E+07
3678424,1062,1.07E+07
3678425,1063,1.07E+07
3681126,1064,1.07E+07
3683827,1065,1.07E+07
3683828,1066,1.07E+07
3686529,1067,1.07E+07
3689230,1068,1.07E+07
3689231,1069,1.07E+07
3691932,1070,1.07E+07
3694633,1071,1.07E+07
3697334,1072,1.07E+07
3697335,1073,1.07E+07
3700036,1074,1.07E+07
3700037,1075,1.07E+07
3700038,1076,1.07E+07
3700039,1077,1.07E+07
3700040,1078,1.07E+07
3700041,1079,1.07E+07
3700042,1080,1.07E+07
3700043,1081,1.07E+07
3700044,1082,1.07E+07
3700045,1083,1.07E+07
3700046,1084,1.07E+07
3700047,1085,1.07E+07
3700048,1086,1.07E+07
3702749,1087,1.07E+07
3702750,1088,1.07E+07
3702751,1089,1.07E+07
3702752,1090,1.07E+07
3702753,1091,1.07E+07
3702754,1092,1.07E+07
3702755,1093,1.07E+07
3700056,1094,1.07E+07
3700057,1095,1.07E+07
3700058,1096,1.07E+07
3700059,1097,1.07E+07
3697360,1098,1.07E+07
3694661,1099,1.07E+07
3691962,1100,1.07E+07
3689263,1101,1.07E+07
3689264,1102,1.07E+07
3689265,1103,1.07E+07
3689266,1104,1.07E+07
3691967,1105,1.07E+07
3691968,1106,1.07E+07
3694669,1107,1.07E+07
3697370,1108,1.07E+07
3697371,1109,1.07E+07
3700072,1110,1.07E+07
3697373,1111,1.07E+07
3700074,1112,1.07E+07
3700075,1113,1.07E+07
3697376,1114,1.07E+07
3697377,1115,1.07E+07
3697378,1116,1.07E+07
3697379,1117,1.07E+07
3694680,1118,1.07E+07
3694681,1119,1.07E+07
3694682,1120,1.07E+07
3694683,1121,1.07E+07
3694684,1122,1.07E+07
3694685,1123,1.07E+07
3694686,1124,1.07E+07
3694687,1125,1.07E+07
3694688,1126,1.07E+07
3691989,1127,1.07E+07
3691990,1128,1.07E+07
3691991,1129,1.07E+07
3691992,1130,1.07E+07
3691993,1131,1.07E+07
3691994,1132,1.07E+07
3691995,1133,1.07E+07
3691996,1134,1.07E+07
3691997,1135,1.07E+07
3689298,1136,1.07E+07
3686599,1137,1.07E+07
3686600,1138,1.07E+07
3683901,1139,1.07E+07
3683902,1140,1.07E+07
3683903,1141,1.07E+07
3681204,1142,1.07E+07
3678505,1143,1.07E+07
3678506,1144,1.07E+07
3678507,1145,1.07E+07
3675808,1146,1.07E+07
3675809,1147,1.07E+07
3675810,1148,1.07E+07
3675811,1149,1.07E+07
3673112,1150,1.07E+07
3670413,1151,1.07E+07
3667714,1152,1.07E+07
3665015,1153,1.07E+07
3662316,1154,1.07E+07
3659617,1155,1.07E+07
3656918,1156,1.07E+07
3656919,1157,1.07E+07
3654220,1158,1.07E+07
3651521,1159,1.07E+07
3648822,1160,1.07E+07
3648823,1161,1.07E+07
3646124,1162,1.07E+07
3643425,1163,1.07E+07
3643426,1164,1.07E+07
3643427,1165,1.07E+07
3640728,1166,1.07E+07
3640729,1167,1.07E+07
3638030,1168,1.07E+07
3638031,1169,1.07E+07
3635332,1170,1.07E+07
3632633,1171,1.07E+07
3629934,1172,1.07E+07
3627235,1173,1.07E+07
3627236,1174,1.07E+07
3627237,1175,1.07E+07
3627238,1176,1.07E+07
3624539,1177,1.07E+07
3621840,1178,1.07E+07
3619141,1179,1.07E+07
3619142,1180,1.07E+07
3619143,1181,1.07E+07
3619144,1182,1.07E+07
3616445,1183,1.07E+07
3613746,1184,1.07E+07
3613747,1185,1.07E+07
3613748,1186,1.07E+07
3611049,1187,1.07E+07
3608350,1188,1.07E+07
3605651,1189,1.07E+07
3602952,1190,1.07E+07
3602953,1191,1.07E+07
3602954,1192,1.07E+07
3602955,1193,1.07E+07
3600256,1194,1.07E+07
3600257,1195,1.07E+07
3597558,1196,1.07E+07
3594859,1197,1.11E+07
3592160,1198,1.11E+07
3594861,1199,1.11E+07
3594862,1200,1.11E+07
3594863,1201,1.11E+07
3594864,1202,1.11E+07
3597565,1203,1.11E+07
3594866,1204,1.11E+07
3592167,1205,1.11E+07
3592168,1206,1.11E+07
3592169,1207,1.11E+07
3589470,1208,1.11E+07
3586771,1209,1.11E+07
3586772,1210,1.11E+07
3584073,1211,1.11E+07
3584074,1212,1.11E+07
3581375,1213,1.11E+07
3578676,1214,1.11E+07
3575977,1215,1.11E+07
3573278,1216,1.11E+07
3570579,1217,1.11E+07
3567880,1218,1.11E+07
3565181,1219,1.11E+07
3565182,1220,1.11E+07
3562483,1221,1.11E+07
3559784,1222,1.11E+07
3557085,1223,1.11E+07
3554386,1224,1.11E+07
3554387,1225,1.11E+07
3551688,1226,1.11E+07
3548989,1227,1.11E+07
3546290,1228,1.11E+07
3543591,1229,1.11E+07
3543592,1230,1.11E+07
3540893,1231,1.11E+07
3540894,1232,1.11E+07
3540895,1233,1.11E+07
3540896,1234,1.11E+07
3538197,1235,1.11E+07
3538198,1236,1.11E+07
3535499,1237,1.11E+07
3532800,1238,1.11E+07
3530101,1239,1.11E+07
3530102,1240,1.11E+07
3530103,1241,1.11E+07
3527404,1242,1.11E+07
3527405,1243,1.11E+07
3527406,1244,1.11E+07
3527407,1245,1.11E+07
3524708,1246,1.11E+07
3524709,1247,1.11E+07
3524710,1248,1.11E+07
3524711,1249,1.11E+07
3522012,1250,1.11E+07
3522013,1251,1.11E+07
3522014,1252,1.11E+07
3519315,1253,1.11E+07
3519316,1254,1.11E+07
3519317,1255,1.11E+07
3519318,1256,1.11E+07
3519319,1257,1.11E+07
3519320,1258,1.11E+07
3519321,1259,1.11E+07
3519322,1260,1.11E+07
3519323,1261,1.11E+07
3516624,1262,1.11E+07
3516625,1263,1.11E+07
3516626,1264,1.11E+07
3516627,1265,1.11E+07
3516628,1266,1.11E+07
3516629,1267,1.11E+07
3516630,1268,1.11E+07
3516631,1269,1.11E+07
3516632,1270,1.11E+07
3513933,1271,1.11E+07
3513934,1272,1.11E+07
3513935,1273,1.11E+07
3513936,1274,1.11E+07
3513937,1275,1.11E+07
3513938,1276,1.11E+07
3513939,1277,1.11E+07
3511240,1278,1.11E+07
3508541,1279,1.11E+07
3508542,1280,1.11E+07
3508543,1281,1.11E+07
3508544,1282,1.11E+07
3508545,1283,1.11E+07
3508546,1284,1.11E+07
3505847,1285,1.11E+07
3505848,1286,1.11E+07
3505849,1287,1.11E+07
3503150,1288,1.11E+07
3503151,1289,1.11E+07
3503152,1290,1.11E+07
3503153,1291,1.11E+07
3500454,1292,1.11E+07
3500455,1293,1.11E+07
3497756,1294,1.11E+07
3497757,1295,1.11E+07
3497758,1296,1.11E+07
3500459,1297,1.11E+07
3500460,1298,1.11E+07
3500461,1299,1.11E+07
3503162,1300,1.11E+07
3503163,1301,1.11E+07
3505864,1302,1.11E+07
3508565,1303,1.11E+07
3508566,1304,1.11E+07
3511267,1305,1.11E+07
3511268,1306,1.11E+07
3513969,1307,1.11E+07
3513970,1308,1.11E+07
3513971,1309,1.11E+07
3513972,1310,1.12E+07
3511273,1311,1.12E+07
3508574,1312,1.12E+07
3508575,1313,1.12E+07
3508576,1314,1.12E+07
3508577,1315,1.12E+07
3505878,1316,1.12E+07
3503179,1317,1.12E+07
3500480,1318,1.12E+07
3497781,1319,1.12E+07
3495082,1320,1.12E+07
3495083,1321,1.12E+07
3495084,1322,1.12E+07
3495085,1323,1.12E+07
3495086,1324,1.12E+07
3492387,1325,1.12E+07
3492388,1326,1.12E+07
3492389,1327,1.12E+07
3492390,1328,1.12E+07
3492391,1329,1.12E+07
3492392,1330,1.12E+07
3492393,1331,1.12E+07
3489694,1332,1.12E+07
3486995,1333,1.12E+07
3484296,1334,1.12E+07
3481597,1335,1.12E+07
3478898,1336,1.12E+07
3478899,1337,1.12E+07
3478900,1338,1.12E+07
3478901,1339,1.12E+07
3476202,1340,1.12E+07
3473503,1341,1.12E+07
3470804,1342,1.12E+07
3470805,1343,1.12E+07
3470806,1344,1.12E+07
3470807,1345,1.12E+07
3473508,1346,1.12E+07
3476208,1347,1.12E+07
3478908,1348,1.12E+07
3481609,1349,1.12E+07
3484310,1350,1.12E+07
3487010,1351,1.12E+07
3489710,1352,1.12E+07
3492411,1353,1.12E+07
3495112,1354,1.12E+07
3495113,1355,1.12E+07
3497814,1356,1.12E+07
3500515,1357,1.12E+07
3500516,1358,1.12E+07
3500517,1359,1.12E+07
3500518,1360,1.12E+07
3500519,1361,1.12E+07
3503220,1362,1.12E+07
3500521,1363,1.12E+07
3500522,1364,1.12E+07
3500523,1365,1.12E+07
3500524,1366,1.12E+07
3500525,1367,1.12E+07
3500526,1368,1.12E+07
3500527,1369,1.12E+07
3500528,1370,1.12E+07
3500529,1371,1.12E+07
3500530,1372,1.12E+07
3500531,1373,1.12E+07
3500532,1374,1.12E+07
3500533,1375,1.12E+07
3500534,1376,1.12E+07
3500535,1377,1.12E+07
3500536,1378,1.12E+07
3500537,1379,1.12E+07
3500538,1380,1.12E+07
3500539,1381,1.12E+07
3500540,1382,1.13E+07
3497841,1383,1.13E+07
3495142,1384,1.13E+07
3492443,1385,1.13E+07
3489744,1386,1.13E+07
3487044,1387,1.13E+07
3484344,1388,1.13E+07
3484345,1389,1.13E+07
3484346,1390,1.13E+07
3484347,1391,1.13E+07
3484348,1392,1.13E+07
3484349,1393,1.13E+07
3484350,1394,1.13E+07
3484351,1395,1.13E+07
3484352,1396,1.13E+07
3481653,1397,1.13E+07
3481654,1398,1.13E+07
3478955,1399,1.13E+07
3476256,1400,1.13E+07
3476257,1401,1.13E+07
3476258,1402,1.13E+07
3476259,1403,1.13E+07
3478960,1404,1.13E+07
3478961,1405,1.13E+07
3478962,1406,1.13E+07
3478963,1407,1.13E+07
3478964,1408,1.13E+07
3478965,1409,1.13E+07
3478966,1410,1.13E+07
3478967,1411,1.13E+07
3478968,1412,1.13E+07
3481669,1413,1.13E+07
3481670,1414,1.13E+07
3481671,1415,1.13E+07
3481672,1416,1.13E+07
3481673,1417,1.13E+07
3481674,1418,1.13E+07
3481675,1419,1.13E+07
3481676,1420,1.13E+07
3478977,1421,1.13E+07
3481678,1422,1.13E+07
3484379,1423,1.13E+07
3487080,1424,1.13E+07
3487081,1425,1.13E+07
3487082,1426,1.13E+07
3487083,1427,1.13E+07
3487084,1428,1.13E+07
3487085,1429,1.13E+07
3487086,1430,1.13E+07
3487087,1431,1.13E+07
3484388,1432,1.13E+07
3484389,1433,1.13E+07
3484390,1434,1.13E+07
3484391,1435,1.13E+07
3484392,1436,1.13E+07
3484393,1437,1.13E+07
3484394,1438,1.13E+07
3484395,1439,1.13E+07
3484396,1440,1.13E+07
3487097,1441,1.13E+07
3487098,1442,1.13E+07
3487099,1443,1.13E+07
3487100,1444,1.13E+07
3489801,1445,1.13E+07
3492502,1446,1.13E+07
3492503,1447,1.13E+07
3492504,1448,1.13E+07
3492505,1449,1.13E+07
3492506,1450,1.13E+07
3492507,1451,1.13E+07
3492508,1452,1.13E+07
3492509,1453,1.13E+07
3492510,1454,1.13E+07
3492511,1455,1.13E+07
3492512,1456,1.13E+07
3492513,1457,1.13E+07
3492514,1458,1.13E+07
3492515,1459,1.13E+07
3492516,1460,1.13E+07
3492517,1461,1.13E+07
3492518,1462,1.13E+07
3492519,1463,1.13E+07
3492520,1464,1.13E+07
3492521,1465,1.13E+07
3492522,1466,1.13E+07
3492523,1467,1.13E+07
3492524,1468,1.13E+07
3489825,1469,1.13E+07
3489826,1470,1.13E+07
3489827,1471,1.13E+07
3489828,1472,1.13E+07
3489829,1473,1.13E+07
3489830,1474,1.13E+07
3489831,1475,1.13E+07
3489832,1476,1.13E+07
3489833,1477,1.13E+07
3489834,1478,1.13E+07
3489835,1479,1.13E+07
3489836,1480,1.13E+07
3489837,1481,1.13E+07
3489838,1482,1.13E+07
3489839,1483,1.13E+07
3489840,1484,1.13E+07
3489841,1485,1.13E+07
3489842,1486,1.13E+07
3489843,1487,1.13E+07
3489844,1488,1.13E+07
3489845,1489,1.13E+07
3487146,1490,1.13E+07
3484446,1491,1.13E+07
3484447,1492,1.13E+07
3487148,1493,1.13E+07
3487149,1494,1.13E+07
3487150,1495,1.13E+07
3489851,1496,1.13E+07
3489852,1497,1.13E+07
3489853,1498,1.13E+07
3492554,1499,1.13E+07
3492555,1500,1.13E+07
3492556,1501,1.13E+07
3495257,1502,1.13E+07
3495258,1503,1.13E+07
3497959,1504,1.13E+07
3500660,1505,1.13E+07
3503361,1506,1.13E+07
3506062,1507,1.13E+07
3508763,1508,1.13E+07
3511463,1509,1.13E+07
3514163,1510,1.13E+07
3516863,1511,1.13E+07
3519563,1512,1.13E+07
3522263,1513,1.13E+07
3524964,1514,1.13E+07
3527665,1515,1.13E+07
3530366,1516,1.13E+07
3530367,1517,1.13E+07
3530368,1518,1.13E+07
3533069,1519,1.13E+07
3533070,1520,1.13E+07
3533071,1521,1.13E+07
3533072,1522,1.13E+07
3533073,1523,1.13E+07
3533074,1524,1.13E+07
3533075,1525,1.13E+07
3533076,1526,1.13E+07
3533077,1527,1.13E+07
3535778,1528,1.13E+07
3535779,1529,1.13E+07
3535780,1530,1.13E+07
3535781,1531,1.13E+07
3538482,1532,1.13E+07
3538483,1533,1.13E+07
3538484,1534,1.13E+07
3541185,1535,1.13E+07
3543886,1536,1.13E+07
3543887,1537,1.13E+07
3543888,1538,1.13E+07
3543889,1539,1.13E+07
3543890,1540,1.13E+07
3543891,1541,1.13E+07
3546592,1542,1.13E+07
3546593,1543,1.13E+07
3546594,1544,1.13E+07
3549295,1545,1.13E+07
3551996,1546,1.13E+07
3551997,1547,1.13E+07
3554698,1548,1.13E+07
3557399,1549,1.13E+07
3557400,1550,1.13E+07
3557401,1551,1.13E+07
3557402,1552,1.13E+07
3557403,1553,1.13E+07
3557404,1554,1.13E+07
3557405,1555,1.13E+07
3557406,1556,1.13E+07
3557407,1557,1.13E+07
3557408,1558,1.13E+07
3554709,1559,1.13E+07
3554710,1560,1.13E+07
3552011,1561,1.13E+07
3549312,1562,1.13E+07
3546613,1563,1.13E+07
3543914,1564,1.13E+07
3543915,1565,1.13E+07
3543916,1566,1.13E+07
3543917,1567,1.13E+07
3543918,1568,1.13E+07
3543919,1569,1.13E+07
3543920,1570,1.13E+07
3543921,1571,1.13E+07
3543922,1572,1.13E+07
3543923,1573,1.13E+07
3543924,1574,1.13E+07
3541225,1575,1.13E+07
3538526,1576,1.13E+07
3538527,1577,1.13E+07
3538528,1578,1.13E+07
3538529,1579,1.13E+07
3538530,1580,1.13E+07
3538531,1581,1.13E+07
3538532,1582,1.13E+07
3538533,1583,1.13E+07
3538534,1584,1.13E+07
3538535,1585,1.13E+07
3538536,1586,1.13E+07
3538537,1587,1.13E+07
3538538,1588,1.13E+07
3538539,1589,1.13E+07
3535840,1590,1.13E+07
3535841,1591,1.13E+07
3535842,1592,1.13E+07
3535843,1593,1.13E+07
3535844,1594,1.13E+07
3535845,1595,1.13E+07
3535846,1596,1.13E+07
3535847,1597,1.13E+07
3535848,1598,1.13E+07
3535849,1599,1.13E+07
3533150,1600,1.13E+07
3533151,1601,1.13E+07
3533152,1602,1.13E+07
3533153,1603,1.13E+07
3533154,1604,1.13E+07
3533155,1605,1.13E+07
3530456,1606,1.33E+07
3527756,1607,1.33E+07
3525057,1608,1.33E+07
3522357,1609,1.33E+07
3519658,1610,1.33E+07
3516958,1611,1.33E+07
3514258,1612,1.33E+07
3511559,1613,1.33E+07
3508859,1614,1.33E+07
3506160,1615,1.33E+07
3503460,1616,1.33E+07
3500760,1617,1.33E+07
3500761,1618,1.33E+07
3500762,1619,1.33E+07
3500763,1620,1.33E+07
3500764,1621,1.33E+07
3500765,1622,1.33E+07
3500766,1623,1.33E+07
3500767,1624,1.33E+07
3500768,1625,1.33E+07
3500769,1626,1.33E+07
3500770,1627,1.33E+07
3500771,1628,1.33E+07
3500772,1629,1.33E+07
3500773,1630,1.33E+07
3500774,1631,1.33E+07
3500775,1632,1.33E+07
3500776,1633,1.33E+07
3500777,1634,1.33E+07
3500778,1635,1.33E+07
3500779,1636,1.33E+07
3500780,1637,1.33E+07
3500781,1638,1.33E+07
3500782,1639,1.33E+07
3500783,1640,1.33E+07
3503484,1641,1.33E+07
3506185,1642,1.33E+07
3506186,1643,1.33E+07
3506187,1644,1.33E+07
3508888,1645,1.33E+07
3508889,1646,1.33E+07
3508890,1647,1.33E+07
3508891,1648,1.33E+07
3508892,1649,1.33E+07
3508893,1650,1.33E+07
3508894,1651,1.33E+07
3508895,1652,1.33E+07
3508896,1653,1.33E+07
3508897,1654,1.33E+07
3508898,1655,1.33E+07
3508899,1656,1.33E+07
3508900,1657,1.33E+07
3508901,1658,1.33E+07
3508902,1659,1.33E+07
3508903,1660,1.33E+07
3511604,1661,1.33E+07
3514305,1662,1.33E+07
3511606,1663,1.33E+07
3511607,1664,1.33E+07
3511608,1665,1.33E+07
3511609,1666,1.33E+07
3511610,1667,1.33E+07
3511611,1668,1.33E+07
3511612,1669,1.33E+07
3511613,1670,1.33E+07
3508914,1671,1.33E+07
3508915,1672,1.33E+07
3508916,1673,1.33E+07
3508917,1674,1.33E+07
3506218,1675,1.33E+07
3506219,1676,1.33E+07
3503520,1677,1.33E+07
3503521,1678,1.33E+07
3503522,1679,1.33E+07
3506223,1680,1.33E+07
3508924,1681,1.33E+07
3508925,1682,1.33E+07
3508926,1683,1.33E+07
3508927,1684,1.33E+07
3506228,1685,1.33E+07
3506229,1686,1.33E+07
3506230,1687,1.33E+07
3506231,1688,1.33E+07
3506232,1689,1.33E+07
3506233,1690,1.33E+07
3506234,1691,1.33E+07
3506235,1692,1.33E+07
3506236,1693,1.33E+07
3506237,1694,1.33E+07
3506238,1695,1.33E+07
3503539,1696,1.33E+07
3500840,1697,1.33E+07
3500841,1698,1.33E+07
3500842,1699,1.33E+07
3500843,1700,1.33E+07
3500844,1701,1.33E+07
3500845,1702,1.33E+07
3500846,1703,1.33E+07
3500847,1704,1.33E+07
3500848,1705,1.33E+07
3500849,1706,1.33E+07
3500850,1707,1.33E+07
3500851,1708,1.33E+07
3500852,1709,1.33E+07
3500853,1710,1.33E+07
3500854,1711,1.33E+07
3498155,1712,1.33E+07
3498156,1713,1.33E+07
3495457,1714,1.33E+07
3495458,1715,1.33E+07
3495459,1716,1.33E+07
3495460,1717,1.33E+07
3495461,1718,1.33E+07
3492762,1719,1.33E+07
3492763,1720,1.33E+07
3492764,1721,1.33E+07
3492765,1722,1.33E+07
3492766,1723,1.33E+07
3492767,1724,1.33E+07
3492768,1725,1.33E+07
3492769,1726,1.33E+07
3492770,1727,1.33E+07
3492771,1728,1.33E+07
3492772,1729,1.33E+07
3492773,1730,1.33E+07
3492774,1731,1.33E+07
3492775,1732,1.33E+07
3490076,1733,1.34E+07
3490077,1734,1.34E+07
3490078,1735,1.34E+07
3490079,1736,1.34E+07
3490080,1737,1.34E+07
3490081,1738,1.34E+07
3490082,1739,1.34E+07
3490083,1740,1.34E+07
3490084,1741,1.34E+07
3492785,1742,1.34E+07
3495486,1743,1.34E+07
3498187,1744,1.34E+07
3500888,1745,1.34E+07
3500889,1746,1.34E+07
3503590,1747,1.34E+07
3506291,1748,1.34E+07
3506292,1749,1.34E+07
3506293,1750,1.34E+07
3508994,1751,1.34E+07
3511695,1752,1.34E+07
3514395,1753,1.34E+07
3517095,1754,1.34E+07
3519796,1755,1.34E+07
3522496,1756,1.34E+07
3525196,1757,1.34E+07
3527897,1758,1.34E+07
3530597,1759,1.34E+07
3533298,1760,1.34E+07
3535998,1761,1.34E+07
3538699,1762,1.34E+07
3541400,1763,1.34E+07
3544100,1764,1.34E+07
3546800,1765,1.34E+07
3549500,1766,1.34E+07
3552201,1767,1.34E+07
3554901,1768,1.34E+07
3557601,1769,1.34E+07
3560302,1770,1.34E+07
3563002,1771,1.34E+07
3563003,1772,1.34E+07
3563004,1773,1.34E+07
3563005,1774,1.34E+07
3563006,1775,1.34E+07
3563007,1776,1.34E+07
3560308,1777,1.34E+07
3560309,1778,1.34E+07
3560310,1779,1.34E+07
3560311,1780,1.34E+07
3557612,1781,1.34E+07
3557613,1782,1.34E+07
3557614,1783,1.34E+07
3557615,1784,1.34E+07
3557616,1785,1.34E+07
3557617,1786,1.34E+07
3557618,1787,1.34E+07
3557619,1788,1.34E+07
3560320,1789,1.34E+07
3563021,1790,1.34E+07
3563022,1791,1.34E+07
3563023,1792,1.34E+07
3563024,1793,1.34E+07
3563025,1794,1.34E+07
3563026,1795,1.34E+07
3563027,1796,1.34E+07
3563028,1797,1.34E+07
3563029,1798,1.34E+07
3563030,1799,1.34E+07
3563031,1800,1.34E+07
3563032,1801,1.34E+07
3563033,1802,1.34E+07
3563034,1803,1.34E+07
3563035,1804,1.34E+07
3565736,1805,1.34E+07
3565737,1806,1.34E+07
3565738,1807,1.34E+07
3565739,1808,1.34E+07
3565740,1809,1.34E+07
3565741,1810,1.34E+07
3565742,1811,1.34E+07
3565743,1812,1.34E+07
3565744,1813,1.34E+07
3565745,1814,1.34E+07
3565746,1815,1.34E+07
3565747,1816,1.34E+07
3565748,1817,1.34E+07
3565749,1818,1.34E+07
3563050,1819,1.34E+07
3563051,1820,1.34E+07
3563052,1821,1.34E+07
3560353,1822,1.34E+07
3560354,1823,1.34E+07
3560355,1824,1.34E+07
3560356,1825,1.34E+07
3560357,1826,1.34E+07
3560358,1827,1.34E+07
3557659,1828,1.34E+07
3557660,1829,1.34E+07
3557661,1830,1.34E+07
3557662,1831,1.34E+07
3554963,1832,1.34E+07
3554964,1833,1.34E+07
3552265,1834,1.34E+07
3552266,1835,1.34E+07
3549567,1836,1.34E+07
3549568,1837,1.34E+07
3549569,1838,1.34E+07
3546870,1839,1.34E+07
3546871,1840,1.34E+07
3546872,1841,1.34E+07
3546873,1842,1.34E+07
3546874,1843,1.34E+07
3546875,1844,1.34E+07
3546876,1845,1.34E+07
3546877,1846,1.34E+07
3546878,1847,1.34E+07
3544179,1848,1.34E+07
3544180,1849,1.34E+07
3544181,1850,1.34E+07
3544182,1851,1.34E+07
3544183,1852,1.34E+07
3544184,1853,1.34E+07
3544185,1854,1.34E+07
3544186,1855,1.34E+07
3544187,1856,1.34E+07
3544188,1857,1.34E+07
3544189,1858,1.34E+07
3544190,1859,1.34E+07
3541491,1860,1.34E+07
3541492,1861,1.34E+07
3538793,1862,1.34E+07
3538794,1863,1.34E+07
3538795,1864,1.34E+07
3538796,1865,1.34E+07
3538797,1866,1.34E+07
3538798,1867,1.34E+07
3538799,1868,1.34E+07
3538800,1869,1.34E+07
3538801,1870,1.34E+07
3538802,1871,1.34E+07
3538803,1872,1.34E+07
3538804,1873,1.34E+07
3538805,1874,1.34E+07
3536106,1875,1.34E+07
3536107,1876,1.34E+07
3536108,1877,1.34E+07
3536109,1878,1.34E+07
3533410,1879,1.34E+07
3533411,1880,1.34E+07
3533412,1881,1.34E+07
3533413,1882,1.34E+07
3533414,1883,1.34E+07
3533415,1884,1.34E+07
3530716,1885,1.34E+07
3530717,1886,1.34E+07
3528018,1887,1.34E+07
3528019,1888,1.34E+07
3528020,1889,1.34E+07
3528021,1890,1.34E+07
3528022,1891,1.34E+07
3528023,1892,1.34E+07
3525324,1893,1.34E+07
3522625,1894,1.34E+07
3522626,1895,1.34E+07
3519927,1896,1.34E+07
3519928,1897,1.34E+07
3519929,1898,1.34E+07
3519930,1899,1.34E+07
3519931,1900,1.34E+07
3517232,1901,1.34E+07
3514533,1902,1.34E+07
3511834,1903,1.34E+07
3509135,1904,1.34E+07
3506436,1905,1.34E+07
3503737,1906,1.34E+07
3501038,1907,1.34E+07
3498339,1908,1.34E+07
3495640,1909,1.34E+07
3492941,1910,1.34E+07
3490242,1911,1.34E+07
3487543,1912,1.34E+07
3484844,1913,1.34E+07
3482145,1914,1.34E+07
3479446,1915,1.34E+07
3476747,1916,1.34E+07
3474048,1917,1.34E+07
3471349,1918,1.34E+07
3468650,1919,1.34E+07
3465951,1920,1.34E+07
3463252,1921,1.34E+07
3463253,1922,1.34E+07
3463254,1923,1.34E+07
3463255,1924,1.34E+07
3463256,1925,1.34E+07
3463257,1926,1.34E+07
3463258,1927,1.34E+07
3463259,1928,1.34E+07
3465960,1929,1.34E+07
3465961,1930,1.34E+07
3465962,1931,1.34E+07
3465963,1932,1.34E+07
3465964,1933,1.34E+07
3465965,1934,1.34E+07
3468666,1935,1.34E+07
3471367,1936,1.34E+07
3474067,1937,1.34E+07
3476767,1938,1.34E+07
3479468,1939,1.34E+07
3479469,1940,1.34E+07
3479470,1941,1.34E+07
3479471,1942,1.34E+07
3479472,1943,1.34E+07
3479473,1944,1.34E+07
3482174,1945,1.34E+07
3482175,1946,1.34E+07
3482176,1947,1.34E+07
3482177,1948,1.34E+07
3482178,1949,1.34E+07
3482179,1950,1.34E+07
3484880,1951,1.34E+07
3484881,1952,1.34E+07
3484882,1953,1.34E+07
3484883,1954,1.34E+07
3484884,1955,1.34E+07
3484885,1956,1.34E+07
3484886,1957,1.34E+07
3484887,1958,1.34E+07
3484888,1959,1.34E+07
3484889,1960,1.34E+07
3484890,1961,1.34E+07
3484891,1962,1.34E+07
3484892,1963,1.34E+07
3484893,1964,1.34E+07
3484894,1965,1.34E+07
3484895,1966,1.34E+07
3484896,1967,1.34E+07
3484897,1968,1.34E+07
3484898,1969,1.34E+07
3484899,1970,1.34E+07
3484900,1971,1.34E+07
3484901,1972,1.34E+07
3484902,1973,1.34E+07
3484903,1974,1.34E+07
3484904,1975,1.34E+07
3484905,1976,1.34E+07
3484906,1977,1.34E+07
3482207,1978,1.34E+07
3479508,1979,1.34E+07
3476809,1980,1.34E+07
3474110,1981,1.34E+07
3471410,1982,1.34E+07
3468710,1983,1.34E+07
3468711,1984,1.34E+07
3468712,1985,1.34E+07
3471413,1986,1.34E+07
3471414,1987,1.34E+07
3471415,1988,1.34E+07
3471416,1989,1.34E+07
3474117,1990,1.34E+07
3476818,1991,1.34E+07
3476819,1992,1.34E+07
3479520,1993,1.34E+07
3482221,1994,1.34E+07
3482222,1995,1.34E+07
3482223,1996,1.34E+07
3482224,1997,1.34E+07
3482225,1998,1.34E+07
3482226,1999,1.34E+07
3479527,2000,1.34E+07
3476828,2001,1.34E+07
3476829,2002,1.34E+07
3476830,2003,1.34E+07
3476831,2004,1.34E+07
3476832,2005,1.34E+07
3476833,2006,1.34E+07
3476834,2007,1.34E+07
3476835,2008,1.34E+07
3476836,2009,1.34E+07
3476837,2010,1.34E+07
3476838,2011,1.34E+07
3476839,2012,1.34E+07
3476840,2013,1.34E+07
3476841,2014,1.34E+07
3476842,2015,1.34E+07
3476843,2016,1.34E+07
3476844,2017,1.34E+07
3476845,2018,1.34E+07
3476846,2019,1.34E+07
3476847,2020,1.34E+07
3479548,2021,1.34E+07
3479549,2022,1.34E+07
3479550,2023,1.34E+07
3479551,2024,1.34E+07
3479552,2025,1.34E+07
3479553,2026,1.34E+07
3479554,2027,1.34E+07
3479555,2028,1.34E+07
3479556,2029,1.34E+07
3479557,2030,1.34E+07
3479558,2031,1.34E+07
3479559,2032,1.34E+07
3479560,2033,1.34E+07
3479561,2034,1.34E+07
3476862,2035,1.34E+07
3476863,2036,1.34E+07
3476864,2037,1.34E+07
3476865,2038,1.34E+07
3479566,2039,1.34E+07
3479567,2040,1.34E+07
3482268,2041,1.34E+07
3482269,2042,1.34E+07
3484970,2043,1.34E+07
3484971,2044,1.34E+07
3487672,2045,1.34E+07
3487673,2046,1.34E+07
3490374,2047,1.34E+07
3493075,2048,1.34E+07
3495776,2049,1.34E+07
3498477,2050,1.34E+07
3501178,2051,1.34E+07
3501179,2052,1.34E+07
3501180,2053,1.34E+07
3501181,2054,1.34E+07
3501182,2055,1.34E+07
3501183,2056,1.34E+07
3501184,2057,1.34E+07
3503885,2058,1.34E+07
3503886,2059,1.34E+07
3503887,2060,1.34E+07
3503888,2061,1.34E+07
3503889,2062,1.34E+07
3503890,2063,1.34E+07
3503891,2064,1.34E+07
3503892,2065,1.34E+07
3503893,2066,1.34E+07
3503894,2067,1.34E+07
3503895,2068,1.34E+07
3503896,2069,1.34E+07
3503897,2070,1.34E+07
3503898,2071,1.34E+07
3503899,2072,1.34E+07
3503900,2073,1.34E+07
3503901,2074,1.34E+07
3503902,2075,1.34E+07
3503903,2076,1.34E+07
3503904,2077,1.34E+07
3503905,2078,1.34E+07
3503906,2079,1.34E+07
3503907,2080,1.34E+07
3503908,2081,1.34E+07
3503909,2082,1.34E+07
3506610,2083,1.34E+07
3506611,2084,1.34E+07
3506612,2085,1.34E+07
3506613,2086,1.34E+07
3506614,2087,1.34E+07
3506615,2088,1.34E+07
3506616,2089,1.34E+07
3506617,2090,1.34E+07
3506618,2091,1.34E+07
3506619,2092,1.34E+07
3506620,2093,1.34E+07
3506621,2094,1.34E+07
3506622,2095,1.34E+07
3506623,2096,1.34E+07
3506624,2097,1.34E+07
3506625,2098,1.34E+07
3506626,2099,1.34E+07
3506627,2100,1.34E+07
3506628,2101,1.34E+07
3506629,2102,1.34E+07
3506630,2103,1.34E+07
3506631,2104,1.34E+07
3506632,2105,1.34E+07
3506633,2106,1.34E+07
3509334,2107,1.34E+07
3509335,2108,1.34E+07
3512036,2109,1.34E+07
3512037,2110,1.34E+07
3514738,2111,1.34E+07
3514739,2112,1.34E+07
3517440,2113,1.34E+07
3520141,2114,1.34E+07
3520142,2115,1.34E+07
3522843,2116,1.34E+07
3522844,2117,1.34E+07
3525545,2118,1.34E+07
3525546,2119,1.34E+07
3525547,2120,1.34E+07
3528248,2121,1.34E+07
3530949,2122,1.34E+07
3533650,2123,1.34E+07
3536351,2124,1.34E+07
3539052,2125,1.34E+07
3541753,2126,1.34E+07
3541754,2127,1.34E+07
3544455,2128,1.34E+07
3547156,2129,1.34E+07
3549857,2130,1.34E+07
3549858,2131,1.34E+07
3552559,2132,1.34E+07
3555260,2133,1.34E+07
3557961,2134,1.34E+07
3557962,2135,1.34E+07
3557963,2136,1.34E+07
3557964,2137,1.34E+07
3557965,2138,1.34E+07
3557966,2139,1.34E+07
3557967,2140,1.34E+07
3560668,2141,1.34E+07
3563369,2142,1.34E+07
3566069,2143,1.34E+07
3568770,2144,1.34E+07
3571471,2145,1.34E+07
3574172,2146,1.34E+07
3576873,2147,1.34E+07
3579574,2148,1.34E+07
3579575,2149,1.34E+07
3582276,2150,1.34E+07
3579577,2151,1.34E+07
3579578,2152,1.34E+07
3579579,2153,1.34E+07
3579580,2154,1.34E+07
3582281,2155,1.34E+07
3579582,2156,1.34E+07
3582283,2157,1.34E+07
3579584,2158,1.34E+07
3582285,2159,1.34E+07
3584986,2160,1.34E+07
3587687,2161,1.34E+07
3590388,2162,1.34E+07
3593089,2163,1.34E+07
3595790,2164,1.34E+07
3598491,2165,1.34E+07
3601192,2166,1.34E+07
3603893,2167,1.34E+07
3606593,2168,1.34E+07
3609294,2169,1.34E+07
3609295,2170,1.34E+07
3606596,2171,1.34E+07
3609297,2172,1.34E+07
3606598,2173,1.34E+07
3606599,2174,1.34E+07
3606600,2175,1.34E+07
3606601,2176,1.34E+07
3606602,2177,1.34E+07
3609303,2178,1.34E+07
3612004,2179,1.34E+07
3614705,2180,1.34E+07
3617406,2181,1.34E+07
3620107,2182,1.34E+07
3622808,2183,1.34E+07
3625509,2184,1.34E+07
3628210,2185,1.34E+07
3630911,2186,1.34E+07
3630912,2187,1.34E+07
3633613,2188,1.34E+07
3636314,2189,1.34E+07
3636315,2190,1.34E+07
3636316,2191,1.34E+07
3639017,2192,1.34E+07
3641718,2193,1.34E+07
3644419,2194,1.34E+07
3647120,2195,1.34E+07
3647121,2196,1.34E+07
3649822,2197,1.34E+07
3649823,2198,1.34E+07
3649824,2199,1.34E+07
3652525,2200,1.34E+07
3655225,2201,1.34E+07
3657925,2202,1.34E+07
3660625,2203,1.34E+07
3663325,2204,1.34E+07
3666026,2205,1.34E+07
3668726,2206,1.34E+07
3671426,2207,1.34E+07
3674127,2208,1.34E+07
3676828,2209,1.34E+07
3679529,2210,1.34E+07
3682230,2211,1.34E+07
3684931,2212,1.34E+07
3687631,2213,1.34E+07
3690332,2214,1.34E+07
3693033,2215,1.34E+07
3695734,2216,1.34E+07
3698435,2217,1.34E+07
3701136,2218,1.34E+07
3703837,2219,1.34E+07
3706538,2220,1.34E+07
3709238,2221,1.34E+07
3709239,2222,1.34E+07
3711940,2223,1.34E+07
3711941,2224,1.34E+07
3714642,2225,1.34E+07
3717342,2226,1.34E+07
3720042,2227,1.34E+07
3722742,2228,1.34E+07
3725442,2229,1.34E+07
3728142,2230,1.34E+07
3730842,2231,1.34E+07
3733543,2232,1.34E+07
3736244,2233,1.34E+07
3738945,2234,1.34E+07
3741646,2235,1.34E+07
3744347,2236,1.34E+07
3747048,2237,1.34E+07
3747049,2238,1.34E+07
3749750,2239,1.34E+07
3749751,2240,1.34E+07
3752452,2241,1.34E+07
3755153,2242,1.34E+07
3755154,2243,1.34E+07
3757855,2244,1.34E+07
3757856,2245,1.34E+07
3757857,2246,1.34E+07
3760558,2247,1.34E+07
3760559,2248,1.34E+07
3760560,2249,1.34E+07
3760561,2250,1.34E+07
3763262,2251,1.34E+07
3763263,2252,1.34E+07
3763264,2253,1.34E+07
3763265,2254,1.34E+07
3763266,2255,1.34E+07
3765967,2256,1.34E+07
3765968,2257,1.34E+07
3768669,2258,1.34E+07
3768670,2259,1.34E+07
3771371,2260,1.34E+07
3771372,2261,1.34E+07
3774073,2262,1.34E+07
3776774,2263,1.34E+07
3779475,2264,1.34E+07
3782176,2265,1.34E+07
3784877,2266,1.34E+07
3787578,2267,1.34E+07
3790279,2268,1.34E+07
3792980,2269,1.34E+07
3792981,2270,1.34E+07
3792982,2271,1.34E+07
3795683,2272,1.34E+07
3798384,2273,1.34E+07
3801085,2274,1.34E+07
3803786,2275,1.34E+07
3806487,2276,1.34E+07
3806488,2277,1.34E+07
3806489,2278,0
